Label,# Samples,Average,Median,90% Line,95% Line,99% Line,Min,Max,Error %,Throughput,Received KB/sec,Sent KB/sec
POST Document,26748,4492,4172,7480,10293,14661,195,22633,0.000%,22.20573,6.35,11.73
TOTAL,26748,4492,4172,7480,10293,14661,195,22633,0.000%,22.20573,6.35,11.73
